latitude,longitude
44.585956,-1.214914
45.130056,5.883258
45.130056,5.883258
45.130056,5.883258
45.130056,5.883258
45.036881,5.785772
45.1867,5.59258
45.130056,5.883258
45.1867,5.59258
45.306819,5.887881
45.157,5.7776
45.1867,5.59258
45.4444,5.96028
45.130056,5.883258
45.130056,5.883258
47.7543288,2.57826805
47.76009897,2.57801056
47.75675235,2.58564949
47.76142602,2.58504868
47.76604158,2.58041382
47.7651185,2.57311821
47.75992587,2.56814003
47.75248221,2.56444931
47.74619177,2.56444931
48.7517,2.2794
48.9636,2.2527
47.79205412,2.55998611
47.7857108,2.55844116
47.76967604,2.54573822
47.75075097,2.53080368
47.70629617,2.5453949
47.68584577,2.51998901
47.66446249,2.48926163
47.64353307,2.46883392
47.60303802,2.45080948
47.56262744,2.44325638
47.51731663,2.42574692
47.46616461,2.40428925
47.40206738,2.3680687
47.35115206,2.34661102
47.30402907,2.32206345
47.25826213,2.29614258
47.19857761,2.26970673
47.14734928,2.2444725
47.08520225,2.22421646
47.01596082,2.18130112
46.98774726,2.02972412
47.11967244,1.99676514
47.26525201,2.02011108
47.39649001,2.06954956
47.53389265,2.10250854
47.67371039,2.14782715
47.74301741,2.14782715
47.87030156,2.05169678
47.99451692,1.94595337
48.13126755,1.92947388
48.4242,2.153
47.98440683,2.25631714
47.96877826,2.62298584
48.12576783,2.54745483
48.18531674,2.43759155
48.09917756,2.30438232
56.08583005,75.79742432
28.38898413,118.10302734
45.1255,5.8788
45.1255,5.8788
45.130056,5.883258
47.341931,2.791558
47.61518983,2.3507309
47.62768589,2.34043121
47.6348582,2.35107422
47.64665567,2.39570618
47.61935552,2.4080658
45.130056,5.883258
45.1255,5.8788
45.130056,5.883258
45.1255,5.8788
45.130056,5.883258
45.306819,5.887881
45.7864,6.42623
43.41589667,4.59142685
43.39307372,4.55383301
43.50523489,4.98641968
45.24709583,5.8241272
45.7864,6.42623
45.24709583,5.8241272
45.06333663,5.60714722
45.06333663,5.60714722
45.7864,6.42623
45.7864,6.42623
45.06333663,5.60714722
43.4199,5.1737
45.244741,5.574771
44.4436,6.371555
45.157,5.7776
45.157,5.7776
45.306819,5.887881
45.306819,5.887881
45.23579445,5.88721275
45.130056,5.883258
45.130056,5.883258
45.130056,5.883258
45.306819,5.887881
45.306819,5.887881
45.306819,5.887881
45.19231334,5.72766552
45.19231334,5.72766552
44.245636,6.068794
45.19231334,5.72766552
45.591564,6.1752
45.591564,6.1752
45.26558414,6.01449966
45.306819,5.887881
45.306819,5.887881
45.306819,5.887881
45.553133,6.104569
45.306819,5.887881
45.306819,5.887881
5.15890678,-52.6792717
78.64167514,16.36791229
45.553133,6.104569
45.306819,5.887881
45.306819,5.887881
45.310451,5.890346
45.18445672,5.70310593
45.310451,5.890346
45.310451,5.890346
45.310451,5.890346
45.310451,5.890346
45.306819,5.887881
45.23379986,5.76953888
45.306819,5.887881
45.1641332,5.91336967
44.603211,5.441386
45.310451,5.890346
45.310451,5.890346
45.310451,5.890346
45.310451,5.890346
45.310451,5.890346
45.310451,5.890346
45.310451,5.890346
45.310451,5.890346
43.286367,22.005417
44.44260469,6.37207031
45.310451,5.890346
45.310451,5.890346
45.310451,5.890346
45.310451,5.890346
45.310451,5.890346
45.672461,5.973242
45.306819,5.887881
45.130056,5.883258
43.3566634,22.0929578
43.3566634,22.0929578
45.310451,5.890346
45.310451,5.890346
45.310451,5.890346
45.566783,5.731453
45.310451,5.890346
45.310451,5.890346
45.911475,8.643186
45.11557092,5.6152153
45.0319518,5.56744267
45.91202723,8.64408194
45.306819,5.887881
46.053697,6.697605
45.306819,5.887881
45.18481969,5.64800262
45.18481969,5.64800262
45.2281179,5.70928574
46.993075,12.595542
45.329269,5.635972
45.2281179,5.70928574
45.14796609,5.63967705
45.306819,5.887881
45.306819,5.887881
45.17722702,5.73439121
45.345353,5.845944
45.345353,5.845944
45.345353,5.845944
45.601858,5.807342
45.566783,5.731453
45.30596607,5.88277273
45.30596607,5.88277273
45.345114,5.848206
45.02995,5.567975
45.345353,5.845944
45.345353,5.845944
45.3535803,5.86935928
42.813628,0.298086
46.181207,13.779409
46.181207,13.779409
43.1226,19.0812
43.2806,5.67
43.2717,5.66944
43.04944702,6.13354683
43.04944702,6.13354683
43.292525,-2.107219
43.3076167,-1.47586865
40.202003,-8.892244
44.44750681,-1.25244141
45.2397,6.17222
43.1094033,5.9457908
45.31044913,5.89065064
45.345353,5.845944
45.310451,5.890346
45.30676846,5.88970184
44.697703,6.304669
44.697703,6.304669
45.306819,5.887881
44.697703,6.304669
44.697703,6.304669
45.30507385,5.87374351
45.022828,5.465111
45.02995,5.567975
45.306819,5.887881
45.310451,5.890346
45.310451,5.890346
45.310451,5.890346
45.310451,5.890346
45.310451,5.890346
45.310451,5.890346
45.14881357,5.63916206
45.14881357,5.63916206
45.118436,5.597197
45.099331,5.595175
45.16554866,5.73979855
45.16554866,5.73979855
45.306819,5.887881
45.306819,5.887881
45.23448721,5.76121553
45.23625719,5.76709786
51.247233,2.954508
45.16297667,5.92600822
45.130056,5.883258
45.32686665,5.63864708
45.329269,5.635972
44.4436,6.371555
44.4436,6.371555
45.814145,6.246972
45.22388629,5.70636749
45.22388629,5.70636749
45.050156,6.354614
45.814145,6.246972
45.853225,6.223042
45.314031,5.872267
45.68790994,6.18901491
45.68790994,6.18901491
45.68790994,6.18901491
45.314031,5.872267
45.11802391,5.64658642
45.11802391,5.64658642
44.073272,3.064111
45.306819,5.887881
45.306819,5.887881
45.306819,5.887881
45.306819,5.887881
30.42195847,-97.88526535
42.91170406,3.0170989
-39.13128078,-67.58265496
45.306819,5.887881
45.6153,4.9033
45.469036,4.693167
45.306819,5.887881
45.911019,5.397339
45.306819,5.887881
34.8678,-6.29764
29.69543433,-9.93327141
45.12550336,5.90240479
-33.9891,25.297
-33.9891,25.297
-32.9266,19.0374
-33.9891,25.297
-33.8915,25.265
-33.9906,24.2132
-33.8915,25.265
-32.9266,19.0374
-33.9906,24.2132
43.35424875,6.120174
29.9484499,-6.3846402
29.9484499,-6.3846402
45.880027,5.39884467
45.306873,5.88800033
45.306873,5.88800033
45.880639,5.410086
45.3103755,5.890573
45.0353,6.7939
45.473,5.7774
45.3103755,5.890573
45.3082745,5.8875581
45.3103755,5.890573
45.3855,6.148
45.3877235,6.147482
45.157,5.7776
45.2333,6.75
45.99,5.23667
45.8886084,4.8018636
43.6358,3.26753
43.65,3.2303
45.56682767,5.731541
45.31050496,5.88064362
45.31038367,5.89055533
45.31038367,5.89055533
45.31038367,5.89055533
45.4111,6.3942
43.2710724,5.6825041
43.30223125,5.87301525
45.31038367,5.89055533
45.31050496,5.88064362
45.8755019,6.4086552
45.3778,6.6097
45.3084,5.887925
46.760972,13.457556
46.9490375,13.169718
46.776861,13.149605
40.188396,19.599332
39.9493,19.955558
50.4836696,12.1473055
47.0004695,9.6840695
42.32171133,3.164613
42.0220155,2.6128
45.38550879,6.73108879
50.3419,12.0718
50.4860931,12.1427028
45.306873,5.88800033
45.306873,5.88800033
45.1499498,5.8387793
-39.4184,-71.9403
-39.26646437,-71.97446565
-39.4777,-72.121
-39.2720561,-71.84331112
45.23597577,5.76164246
45.306873,5.88800033
45.3084,5.887925
45.3084,5.887925
45.3084,5.887925
45.3084,5.887925
44.5789,-1.2206
45.3084,5.887925
45.3084,5.887925
44.5789,-1.2206
45.813815,6.24675067
45.55287767,6.104643
45.23578696,5.71107205
45.11761853,5.65359904
45.55287767,6.104643
45.3084,5.887925
45.08945974,5.61950684
45.11320868,5.64894676
45.15433954,5.77717135
44.6789,6.23556
44.6789,6.23556
44.6789,6.23556
45.306873,5.88800033
45.306873,5.88800033
45.306873,5.88800033
45.1238619,5.5907888
45.31038367,5.89055533
38.70624278,-0.30718803
45.23077761,5.70808411
45.31038367,5.89055533
43.59689433,3.35103133
43.875714,3.88670567
45.31038367,5.89055533
45.31038367,5.89055533
38.70388173,-0.31066418
45.23452517,5.76284409
45.818136,6.245817
45.12320966,5.59280276
45.12320966,5.59280276
45.12386826,5.59277058
45.12386826,5.59277058
45.1954054,5.65117836
44.5418797,6.3348675
44.5786541,-1.2223724
44.5789,-1.2206
44.5789,-1.2206
44.5789,-1.2206
44.46894872,6.37155533
44.51499158,6.23662949
44.5789,-1.2206
45.306873,5.88800033
45.2839,5.8397
44.59975724,6.27920151
45.2868443,5.85513353
45.306873,5.88800033
45.306873,5.88800033
45.53425085,5.63598633
44.5817055,6.2809695
45.3084,5.887925
45.306873,5.88800033
45.35706089,5.84824562
45.306873,5.88800033
45.32857135,5.89686871
45.306873,5.88800033
45.157,5.7776
45.4896,4.7057
43.09960414,6.3244772
45.7728,2.9625
45.34521767,5.84583467
45.32554832,5.80663693
45.31145,5.83545
43.04104169,0.16857147
44.594,5.9522
45.306873,5.88800033
45.39370733,6.10668067
45.14984263,5.63684464
45.34521767,5.84583467
45.1867,5.59258
45.82215933,5.866298
44.245636,6.068794
44.245636,6.068794
45.813815,6.24675067
44.30555683,6.09242157
45.306873,5.88800033
43.674,3.2159
45.306873,5.88800033
43.4018,3.65663
44.98098997,5.93587876
45.21808242,5.73314667
45.15395562,5.77782481
48.6046,-2.1851
45.31038367,5.89055533
45.1879547,5.7254792
45.1879547,5.7254792
43.875714,3.88670567
45.306819,5.887881
30.49187614,-97.74124146
44.17275504,5.27489662
45.3084,5.887925
45.26149759,5.90543452
43.8121,3.84927
43.875714,3.88670567
43.875714,3.88670567
44.8459219,5.9019657
44.00812625,5.00015259
48.820931,-3.464658
43.875714,3.88670567
43.79763237,6.24215325
44.44336667,6.371515
44.6807885,6.2314905
45.35672918,5.83545685
43.78802722,6.22813493
45.244747,5.574847
48.2720265,6.931343
45.9356,6.855
45.911073,5.397253
45.306873,5.88800033
45.55287767,6.104643
45.3084,5.887925
63.4027532,13.0571785
59.521891,13.4812324
63.460058,11.679931
45.34490671,5.84863186
45.306873,5.88800033
44.44336667,6.371515
45.2284806,5.70877075
44.44336667,6.371515
43.86905467,3.64050467
43.870622,3.640403
44.21881573,5.47668457
44.78570347,6.9725782
48.70619924,7.73978233
45.818136,6.245817
43.875714,3.88670567
44.44336667,6.371515
45.118484,5.59713425
45.0361828,5.7835245
44.89756983,6.39822721
44.89756983,6.39822721
44.8511,6.48306
45.1239893,5.592124
45.7728,2.9625
45.23682194,5.71194649
45.683264,5.97514367
43.875714,3.88670567
44.7108729,5.4031688
44.6807885,6.2314905
45.00688774,6.14988327
45.306873,5.88800033
45.306873,5.88800033
45.306873,5.88800033
45.31038367,5.89055533
43.1954,5.737
46.07775507,6.62113363
43.875714,3.88670567
43.875714,3.88670567
45.9356,6.855
45.02995,5.56769167
45.34521767,5.84583467
44.70325567,5.318293
45.39245,6.11515
63.410653,13.083369
44.11024267,3.100947
45.244747,5.574847
43.899898,5.9210939
45.02995,5.56769167
44.92257642,6.35919554
44.92257642,6.35919554
44.92257642,6.35919554
45.32442033,5.89679182
42.9167,3.05
43.0841,2.97402
71.17102025,25.78314108
44.463625,1.372201
43.8444321,5.95596313
42.8197,2.0056
43.84641296,3.90838623
43.6822,3.4466
45.58355267,6.80424267
43.960027,6.5088091
43.8121,3.84927
45.549,6.7846
44.5686,6.0198
42.981306,-0.192475
42.9902875,-0.1964145
44.77001933,5.79817
45.306873,5.88800033
42.9728001,-0.1866638
45.63093525,5.965899
45.82162192,3.01059723
44.11024267,3.100947
69.700231,18.639519
45.63188433,3.11604867
44.5789,-1.2206
45.306873,5.88800033
45.7719335,2.9646585
45.3292845,5.635936
45.11808447,5.64735889
42.763614,1.5085015
46.1083,4.6216
44.77001933,5.79817
45.1634,5.92549
45.306873,5.88800033
0.6568,35.5112
68.31357639,15.01302652
68.31357639,15.01302652
68.31336301,15.01500471
45.60185267,5.80726733
45.306873,5.88800033
45.60185267,5.80726733
45.63188433,3.11604867
45.306873,5.88800033
45.55287767,6.104643
45.118484,5.59713425
46.497167,11.75311367
43.47530633,2.142923
45.31011865,5.89004517
46.497167,11.75311367
46.494936,11.750135
69.634439,18.990439
44.5736,6.2808
45.31038367,5.89055533
45.31038367,5.89055533
45.306873,5.88800033
48.7617445,-2.985986
45.38505,6.03882867
45.118484,5.59713425
45.31038367,5.89055533
45.118484,5.59713425
45.38505,6.03882867
47.622301,6.089673
45.63093525,5.965899
45.2266818,6.2027804
45.3031363,5.90587
44.90636233,6.35943174
45.52948033,6.25279333
45.3029403,5.9071802
45.3029403,5.9071802
45.28392839,5.85956454
45.3084,5.887925
45.3084,5.887925
45.3084,5.887925
45.30169752,5.89510918
45.30169752,5.89510918
45.94064578,6.73101425
45.31038367,5.89055533
45.55287767,6.104643
45.842452,6.70027967
45.95600495,6.68773421
44.69111177,5.52062988
48.760932,-3.57715
43.4416,2.0699
45.17432278,5.93570709
44.540798,5.712891
45.306873,5.88800033
45.306873,5.88800033
45.8485,6.21384
45.09776088,6.06994629
45.6182555,4.9014319
44.2468094,5.5015877
44.3415296,5.58517456
45.306873,5.88800033
45.32474702,5.76414227
43.538899,5.644729
45.308797,5.8556545
42.990242,0.196382
45.2839,5.8397
42.9728,0.88905
49.4468485,6.099661
45.842452,6.70027967
43.6822,3.4466
43.6822,3.4466
42.67461567,9.37769733
45.66278133,5.82134133
45.70018508,5.88352203
43.4991,3.7523
43.00916625,0.39550781
43.11953019,0.58776855
38.253986,-2.658553
42.798761,0.3960945
43.24950092,5.37409544
43.24950092,5.37409544
43.39864061,1.97950143
42.228554,1.3244055
45.31038367,5.89055533
45.2886722,5.8341792
45.55287767,6.104643
45.306873,5.88800033
45.55287767,6.104643
49.85095,4.778236
45.55287767,6.104643
44.615,-0.5756
45.42502188,6.99211121
45.306873,5.88800033
45.31038367,5.89055533
45.43577363,6.96430206
44.468708,6.573131
45.30492152,5.88929412
45.30492152,5.88929412
43.2931,-1.2915
48.8454,-1.59032
43.875714,3.88670567
42.95250467,1.100588
45.3084,5.887925
45.3084,5.887925
45.31048167,5.89057833
43.6498,3.23003
45.27968871,5.85488892
46.3542724,7.1707449
44.65938233,4.935969
45.3855,6.148
45.31038367,5.89055533
43.8121,3.84927
43.6498,3.23003
42.915806,3.058611
43.875714,3.88670567
44.996394,5.730694
45.94331467,5.51172933
45.3855,6.148
45.16825667,5.98795652
45.5692,6.76308
47.14525561,5.63465541
45.1729,5.5319
45.2333,6.75
45.39245,6.11515
45.3855,6.148
44.5674,-1.231
28.2436,83.9515
45.3028974,5.9072427
45.3084,5.887925
45.31038367,5.89055533
44.523185,6.5560375
44.83249999,-0.13183594
45.5395918,5.5854483
43.47530633,2.142923
43.45235812,2.14980125
45.2386,6.01694
45.31038367,5.89055533
42.981814,-0.57073433
45.306873,5.88800033
44.4241,4.3841
43.01189725,2.22572675
42.892047,2.067414
44.34054743,5.1587677
46.3540162,7.2056793
45.3936667,6.1069595
46.3542708,7.1707333
45.55287767,6.104643
45.5528367,6.1046928
45.94958533,6.73965733
44.8894429,5.6214306
44.8146731,5.746948
44.6903,5.98455
44.44336667,6.371515
45.23355808,5.70928574
45.31038367,5.89055533
46.079924,6.618992
44.32177567,5.28375864
47.8849378,-4.0067263
45.39370733,6.10668067
45.936557,6.851236
45.21651044,5.73263168
45.21651044,5.73263168
45.5609225,5.6985424
45.94958533,6.73965733
42.92168067,1.58140467
43.87684067,3.85770467
45.5690735,2.8294805
44.125914,5.017161
44.11024267,3.100947
45.31038367,5.89055533
49.34267767,-0.63562433
45.21832426,5.73177338
45.21832426,5.73177338
42.9117,3.057
45.7819,6.22182
45.306873,5.88800033
45.306873,5.88800033
45.306873,5.88800033
45.473,5.7774
42.02492,8.7315768
42.021217,8.754853
44.5789,-1.2206
43.33126058,5.78210423
45.55287767,6.104643
45.435081,6.98095322
45.434598,6.99091233
46.15700496,6.17096901
46.1322,6.17111
46.85311667,4.28168933
46.71069231,7.77574539
46.57491081,5.64422607
46.57491081,5.64422607
46.62035,5.731391
45.55287767,6.104643
46.33058433,5.39703933
45.55287767,6.104643
43.31526567,2.884576
47.902989,6.804444
42.95250467,1.100588
48.131233,-4.276283
45.2185661,5.73117256
45.31038367,5.89055533
43.31526567,2.884576
45.28388526,5.85936069
44.603137,5.441232
43.875714,3.88670567
45.3030839,5.9066923
44.603137,5.441232
43.31526567,2.884576
45.21832002,5.7348929
45.21877015,5.73293209
45.391214,6.106659
49.34620167,-0.725667
45.244747,5.574847
44.3425,6.29639
45.30744594,5.89366443
42.8197,2.0056
45.85280833,6.22286733
45.12392882,5.59302807
49.60391485,-1.41259008
46.14504633,6.54702467
44.10910364,3.10245843
45.94958533,6.73965733
44.10910364,3.10245843
42.81179433,1.993551
45.7819,6.22182
45.62678433,5.94625133
45.3084,5.887925
45.3272,5.63611
43.8038,6.26015
43.976671,6.491432
42.8920735,2.067407
42.81179433,1.993551
46.33058433,5.39703933
44.2133,5.475
44.2389,5.48333
44.25747967,3.11804033
50.088018,4.701268
45.16569994,5.9245491
45.48571073,1.85686111
45.48998298,1.84969425
45.39245,6.11515
48.1596,-4.2704
45.306873,5.88800033
50.134517,5.198919
45.5736421,5.7928041
45.12376919,5.59203871
45.1299701,5.883452
45.3303,3.005
45.31038367,5.89055533
-3.4427,36.6043
45.572752,2.83983433
-6.3205735,39.54836369
45.3084,5.887925
-6.3206977,39.5483875
45.21844578,5.73325502
45.2839,5.8397
45.11448067,5.65366745
45.11448067,5.65366745
45.130052,5.88322267
45.244747,5.574847
45.30024859,5.88403702
45.118484,5.59712925
45.5447,2.8017
45.31038367,5.89055533
42.809,0.3756
45.3082346,5.8552466
45.60185267,5.80726733
45.82215933,5.866298
45.4559405,6.6571095
45.55287767,6.104643
45.55287767,6.104643
45.4182,4.4834
45.3109124,5.8869315
44.0973,3.09087
45.419727,6.1704125
46.76052033,6.357111
45.130052,5.88322267
45.306873,5.88800033
45.306873,5.88800033
46.6808895,-71.7845206
45.30930112,5.89182242
45.17725,-1.0848
45.30930112,5.89182242
45.3103638,5.8905994
45.11369704,5.64917542
45.11369704,5.64917542
45.82215933,5.866298
45.306873,5.88800033
45.856446,6.246596
45.31038367,5.89055533
45.8485,6.21384
45.30691371,5.88271352
45.391214,6.106659
45.391214,6.106659
47.208,-2.1593
45.15438239,6.14423275
47.5596,-3.13853
47.6104,-3.1654
-22.30775,166.458
45.391214,6.106659
45.31038367,5.89055533
48.6938,-4.05662
45.391214,6.106659
-22.1951,166.355
45.25471044,5.91479659
45.306873,5.88800033
47.482939,-2.49577233
-22.1972,166.355
-22.1988,166.354
46.496147,11.756058
44.6097,5.54778
43.7041095,6.980718
43.722943,6.94357025
45.3065702,5.9118282
45.3065702,5.9118282
45.958518,6.47653867
45.33710356,5.70151227
45.116873,5.51694833
46.33058433,5.39703933
45.94958533,6.73965733
42.807637,0.37716133
42.801142,0.388128
45.94958533,6.73965733
45.891088,6.45138533
45.9440912,6.4349581
47.903858,6.99224
47.92561867,7.01146933
47.903858,6.99224
45.1647047,5.9259977
45.08973694,5.59376399
45.306873,5.88800033
45.306873,5.88800033
45.306873,5.88800033
47.903858,6.99224
47.9232055,6.68661325
45.306873,5.88800033
45.1975512,5.7395688
45.306873,5.88800033
46.1396,6.5401
45.4344,6.63861
47.92561867,7.01146933
47.887389,7.025972
45.308797,5.8556545
45.8485,6.21384
45.85280833,6.22286733
42.789,1.8539
45.3719,5.81278
45.8307,6.28078
-22.1988,166.354
45.77273,2.964311
45.33050584,5.91524812
45.33050584,5.91524812
45.17664215,5.57564735
45.77273,2.964311
43.8460397,6.1584982
45.31032387,5.89070271
45.308797,5.8556545
45.9356,6.855
43.30223125,5.87301525
43.7796625,6.2564265
45.21116717,5.97303809
45.958518,6.47653867
45.9356,6.855
43.8539535,6.267242
43.842918,6.2302455
48.97261786,6.07167976
45.34532228,5.84997863
43.0552375,5.858832
45.39370733,6.10668067
45.324325,5.89696
45.324325,5.89696
45.31038367,5.89055533
45.306873,5.88800033
45.82215933,5.866298
45.31038367,5.89055533
50.22963792,6.9045639
48.156896,-4.278068
45.31038367,5.89055533
45.515383,5.9261
45.3084,5.887925
45.3084,5.887925
45.306873,5.88800033
45.63093525,5.965899
45.306873,5.88800033
45.52948033,6.25279333
42.813976,0.29819533
45.30713065,5.8898735
44.86922236,1.45099124
46.61483067,5.90206967
42.7990985,0.382761
43.976671,6.491432
45.55287767,6.104643
42.7949368,0.4399215
43.9764,6.4817
43.976671,6.491432
45.30797576,5.88738441
45.345114,5.848206
43.765638,7.442801
42.05783258,0.75608253
45.28193232,5.85380334
45.34528284,5.8493828
45.28193232,5.85380334
45.60185267,5.80726733
42.0463695,0.7461335
42.0463695,0.7461335
45.30471599,5.89605331
42.06293051,0.78655243
45.3084,5.887925
45.23992281,6.1771011
45.30513856,5.45668602
42.0371818,0.74612617
45.31231764,5.89056015
45.38505,6.03882867
45.3877235,6.147482
43.978493,6.4798515
42.05846984,0.75616837
48.0683957,-1.7256318
45.3084,5.887925
45.83281782,6.86542998
45.83281782,6.86542998
42.0035733,0.7499606
42.0461683,0.74595
42.0669309,2.3244732
45.31038367,5.89055533
43.44893106,3.03977966
43.47459816,3.09745789
45.3084,5.887925
43.5563,4.07867
45.01706155,5.31751156
45.18018153,5.78063965
45.625331,6.849286
45.39370733,6.10668067
44.512561,6.3990265
36.90332233,-5.40785233
45.157,5.7776
43.35320649,-1.45251274
43.4937694,-1.5004093
45.3084,5.887925
36.8953183,-5.4148683
45.157,5.7776
36.95263544,-5.36819458
36.98075219,-5.36819458
45.3015352,5.9019538
36.90332233,-5.40785233
45.157,5.7776
36.7578757,-5.5066023
36.8073672,-5.112429
44.5975571,5.44355392
36.89911443,-5.39461091
45.157,5.7776
45.31038367,5.89055533
45.3344865,5.91006
45.306873,5.88800033
45.306873,5.88800033
45.34358876,5.85141077
-32.9091056,18.7695633
29.7004,-9.9318
45.31038367,5.89055533
36.89828333,-5.39364267
45.39245,6.11515
45.01081185,5.73709488
-22.30775,166.458
-20.2736,-70.1103
-20.26666588,-70.10762215
-20.4268,-70.1276
-20.2736,-70.1103
45.91485503,6.81006432
-20.2481623,-70.1381861
-20.3833,-70.1536
45.3076645,5.85514359
-20.2735634,-70.1096512
48.7327639,2.3645444
45.94958533,6.73965733
45.9156,6.81389
45.283764,5.839963
45.283764,5.839963
45.9356,6.855
45.306873,5.88800033
45.30785503,5.89759827
45.30785503,5.89759827
47.707043,3.988518
45.9101089,6.4670123
45.87009326,6.43189224
44.63519252,6.22014999
45.31038367,5.89055533
45.2839,5.8397
45.157,5.7776
45.157,5.7776
45.29296,5.66109375
34.8678,-6.29764
36.8948967,-5.4159767
43.3528855,-1.2328332
43.3528855,-1.2328332
45.3092724,5.8885698
45.157,5.7776
43.6498,3.23003
45.31038775,5.890599
43.6358,3.26753
43.4886,3.7566
45.306873,5.88801367
45.15438239,5.77719212
45.39237262,6.11640112
45.30729749,5.8950642
45.3084,5.887925
45.34489249,5.85056368
45.31024359,5.89128197
43.6498,3.23003
44.131948,4.28553333
45.306873,5.88801367
45.3204698,5.88798523
45.31024359,5.89128197
43.6822,3.4466
43.86905467,3.64050467
43.6822,3.4466
45.3881519,6.13610939
43.59682767,3.35097467
36.94440418,-5.376091
43.978493,6.4798515
45.15062809,5.75635975
44.64471969,6.29173279
45.31038775,5.890599
45.308797,5.8556545
37.0332626,-5.5608215
45.3141155,5.8727785
44.568553,6.432471
45.30951482,5.8910797
45.30951482,5.8910797
36.89828333,-5.39364267
45.15541135,5.77958107
45.89611467,6.75033267
45.3141155,5.8727785
45.31214075,5.89228749
45.5541943,6.1046687
45.31546044,5.91339111
45.31546044,5.91339111
45.13142264,5.88337917
45.157,5.7776
45.31546044,5.91339111
31.29998906,-8.05673876
31.32123408,-8.07752609
45.5125,6.21528
45.32267257,5.90257645
45.28660275,5.78762054
45.85280833,6.22286733
45.1778991,5.7405827
36.7452634,50.86144209
45.1910948,5.75822201
45.175,5.5783
45.175,5.5783
45.30680633,5.88798033
45.30680633,5.88798033
45.02280933,5.465037
45.3141155,5.8727785
45.30848384,5.88797156
46.15862233,5.573583
45.30978388,5.89140234
45.32436734,5.89691877
45.2955302,5.87949235
45.30680633,5.88798033
45.164447,5.928588
48.27855,6.932594
44.8511,6.48306
45.5290944,6.2519674
45.5529375,6.104609
45.30680633,5.88798033
45.5529375,6.104609
45.56227892,5.72934962
45.56707804,5.73152225
45.30725138,5.88429039
50.485,1.5761
45.9356,6.855
45.30680633,5.88798033
44.567272,6.018261
49.952061,6.0311845
42.78345,1.944725
48.21460774,7.01889038
44.68089233,6.23149033
45.8087015,6.2447537
45.31038775,5.890599
45.84774056,6.22118838
47.9034087,6.99222864
44.04993275,5.63503475
44.77001933,5.79817
44.97735592,5.85552904
49.862788,4.77865
45.15565345,5.79528809
45.308797,5.8556545
45.00682958,6.31727815
46.0200456,6.34634983
46.330551,5.39713933
45.747021,6.5072735
45.31145,5.83545
48.00841505,6.72397614
47.95401567,6.72348133
42.6955,9.40022
45.3029897,5.9065486
45.93451261,6.96951628
44.5789,-1.2206
45.19148582,5.73791515
44.5789,-1.2206
44.5789,-1.2206
45.31019056,5.8908834
45.31019056,5.8908834
44.24150976,5.47496796
46.58172133,4.81807067
46.49184905,4.75431333
46.45600274,4.7190351
44.68089233,6.23149033
45.8296,6.94739
44.5789,-1.2206
48.2186,4.69928533
45.94958533,6.73965733
44.5789,-1.2206
44.96084733,6.24420453
45.85280833,6.22286733
49.862788,4.77865
45.7588,5.26923
46.49616667,4.750913
45.94958533,6.73965733
46.330551,5.39713933
45.9356,6.855
44.68089233,6.23149033
45.3194203,5.7589099
45.5529375,6.104609
44.44336667,6.371515
45.9931985,7.7523515
44.557747,6.489319
45.8138,6.7938
44.13112487,5.19213438
50.6431948,5.5816428
44.92795413,6.35863781
45.08941588,5.59374298
44.6309,6.21507
45.856647,6.88787
45.813815,6.24675733
44.44336667,6.371515
46.330551,5.39713933
44.666925,6.7850085
44.68089233,6.23149033
44.44336667,6.371515
42.821257,1.987468
45.3084,5.887925
44.68089233,6.23149033
44.694644,6.304489
45.2876,5.788148
45.1240128,5.8811664
43.766,3.93909
46.79295,4.704485
44.86446132,6.25846252
46.330551,5.39713933
46.34586113,5.41256905
45.466962,2.99760367
45.58355267,6.80424267
45.3102,5.85215
45.5766,6.7994
52.302783,4.476628
45.5766,6.7994
45.01221794,6.32454749
45.01221794,6.32454749
44.8511,6.48306
43.976671,6.491432
43.976671,6.491432
44.8511,6.48306
45.5529375,6.104609
45.1634,5.92549
44.5686,6.0198
44.68089233,6.23149033
44.403023,6.37079767
42.0211585,8.7547065
45.130039,5.883167
45.15016799,5.63691974
46.330551,5.39713933
46.330551,5.39713933
45.30680633,5.88798033
44.6891,5.9158
47.86166442,6.86817169
44.8504825,6.4777525
44.5789,-1.2206
48.98472337,2.27313995
48.9636,2.2527
46.330551,5.39713933
49.34267767,-0.63562433
49.41056933,5.252475
42.8382,3.0191
49.8731155,4.8310905
45.3084,5.887925
45.28448898,5.8400997
46.079924,6.618992
42.821257,1.987468
42.7707,1.91463
42.7796,1.93266
49.34267767,-0.63562433
45.31045199,5.89780629
48.755978,-1.572847
45.7719335,2.9646585
44.94773574,6.23988975
46.1301655,6.172037
44.77015179,5.79806592
40.8751,-3.69525
45.572752,2.83983433
44.606747,4.076171
45.5492,2.8309
45.49238973,5.89004517
45.5690735,2.8294805
45.59198967,2.84530533
46.0536485,6.6976175
43.4747,3.73642
43.875714,3.88670567
43.59682767,3.35097467
43.835236,4.19769733
48.14097655,-4.2760849
43.5361,5.56944
46.330551,5.39713933
49.9147,4.70917
49.85095,4.778236
49.83833984,4.7662311
49.8736,4.83333
43.87684067,3.85770467
43.86905467,3.64050467
43.875714,3.88670567
43.87684067,3.85770467
45.3141155,5.8727785
45.85280833,6.22286733
45.30704388,5.8879745
42.669697,9.294428
45.156425,2.7331485
45.156425,2.7331485
45.156425,2.7331485
46.61483067,5.90206967
46.61483067,5.90206967
46.61483067,5.90206967
42.669697,9.294428
42.669697,9.294428
42.79681771,9.35021281
44.08725,7.21885
44.5789,-1.2206
44.58626477,-1.22059822
45.31038775,5.890599
45.34493714,5.88902625
42.3367,9.53
42.32909342,9.48225955
45.85280833,6.22286733
45.8485194,6.2126258
48.1237368,-4.28378414
48.156896,-4.278068
45.3804544,6.7192742
45.3142,5.87329
45.3084,5.887925
49.873,4.83128
44.77001933,5.79817
43.2908,-1.2903
43.294706,-1.288817
61.558531,10.022592
48.1236,-4.2826
45.30680633,5.88798033
46.8010289,4.24578667
45.17253781,5.79417229
46.4450947,4.6293235
47.9005531,6.9822447
45.3084,5.887925
47.903858,6.99224
44.5783082,-1.2212629
44.5767193,-1.2241255
44.899402,6.3542819
44.77001933,5.79817
44.5767128,-1.2241368
47.926288,7.014918
44.57886016,-1.22008324
44.996394,5.730694
44.816789,5.810769
45.899021,6.552787
47.903858,6.99224
44.5789,-1.2206
45.30680633,5.88798033
45.30680633,5.88798033
44.5789,-1.2206
45.9356,6.855
45.8809055,6.896621
46.1997095,8.787951
45.84135735,6.2752533
46.106686,6.455176
45.9356,6.855
45.8330265,6.8641835
44.80519395,6.71655178
45.30680633,5.88798033
46.1322,6.1711
44.56759477,-1.23194218
44.91138967,1.58225467
45.30680633,5.88798033
46.497167,11.75311367
46.4928,11.7488
46.43725688,4.70997401
44.5674,-1.231
44.9746049,-0.6130163
45.5244,10.2589
45.30680633,5.88798033
43.87684067,3.85770467
41.228592,0.964947
45.31038367,5.89055533
44.0704,3.06377
44.11024267,3.100937
44.68089233,6.23149033
44.928161,5.8869685
45.30680633,5.88798033
45.31038367,5.89055533
49.64679614,0.15336361
44.603137,5.441232
45.303064,5.9067268
45.46730427,5.93035698
43.5707,3.92189
48.81247654,7.54044147
45.3084,5.887925
36.89197765,-5.40922189
36.89294135,-5.41588692
36.91064673,-5.3836441
36.89828333,-5.39364267
36.90110685,-5.41089535
36.89646517,-5.41465044
36.894921,-5.415893
36.89828333,-5.39364267
36.89448314,-5.41531563
36.89828333,-5.39364267
36.89828333,-5.39364267
36.89828333,-5.39364267
44.594279,6.025925
48.27748098,6.93082809
45.31038367,5.89055533
36.89828333,-5.39364267
44.58407767,6.23551067
36.89828333,-5.39364267
43.5707,3.92189
45.3141155,5.8727785
36.90332233,-5.40785233
42.9979,0.168342
45.2266671,5.73958397
45.5529375,6.104609
45.610235,5.96334
46.8542095,6.6120105
45.31038367,5.89055533
45.9039,6.14981
45.31038367,5.89055533
45.22637996,5.74018478
43.70214137,4.98537735
47.204439,5.97752767
47.204439,5.97752767
45.1025,5.61806
44.603137,5.441232
49.54742767,0.08597967
44.603137,5.441232
49.839496,5.0023835
45.8467,6.67611
45.95072769,5.77623367
43.765538,7.442701
45.95034832,5.76384952
44.603137,5.441232
36.89828333,-5.39364267
45.328339,5.855375
43.6822,3.4466
45.175,5.5783
43.722943,6.94357025
43.6822,3.4466
45.5529375,6.104609
43.30223125,5.87301525
44.99114857,5.72434902
44.50227914,2.50584036
43.798947,4.223632
46.8542095,6.6120105
45.5529375,6.104609
45.28448898,5.8400997
36.89828333,-5.39364267
45.308797,5.8556545
44.1913,5.1021
45.64962838,5.94617844
44.50237474,2.50585377
45.1338598,5.48080444
45.30680633,5.88798033
45.515383,5.9261
45.308797,5.8556545
36.89828333,-5.39364267
44.9839575,5.7273531
44.97153825,5.82614422
45.3084,5.887925
44.9065903,5.30914307
45.61025639,5.96381664
45.7457399,5.72803974
45.739211,5.728094
44.5736,6.2808
44.5819555,6.2806695
45.31028734,5.89093346
49.24285,1.3298
45.30691937,5.88787794
45.31038367,5.89055533
45.3084,5.887925
44.245636,6.068794
45.3084,5.887925
44.564,5.076
44.245636,6.068794
45.62678433,5.94625133
45.31038367,5.89055533
48.705748,-2.922488
45.1025,5.61806
45.28448898,5.8400997
45.85280833,6.22286733
45.856446,6.246596
45.31038367,5.89055533
44.512561,6.3990265
44.68000547,6.20985031
44.68089233,6.23149033
44.603137,5.441232
44.566723,3.0821919
45.31301596,5.8906889
44.33669794,5.15425368
45.1255,5.8788
45.515383,5.9261
45.30680633,5.88798033
40.188396,19.599332
45.5529375,6.104609
50.1129835,5.0097305
43.2099558,5.36613733
45.1729,5.5319
43.35424875,6.120174
-35.04623004,-58.15226555
45.30680633,5.88798033
45.30680633,5.88798033
43.978493,6.4798515
45.30680633,5.88798033
45.31038367,5.89055533
50.1129835,5.0097305
52.457347,6.807883
43.766,3.93909
43.766,3.93909
44.11050975,3.10284225
44.11050975,3.10284225
44.245636,6.068794
45.31038367,5.89055533
45.30680633,5.88798033
45.30680633,5.88798033
45.30680633,5.88798033
45.31038367,5.89055533
45.31038367,5.89055533
46.44505,4.62915
42.88803956,2.16293335
46.44505,4.62915
45.30680633,5.88798033
46.972782,8.637003
44.603137,5.441232
45.31038367,5.89055533
43.31318814,2.89352417
43.875714,3.88670567
43.47477072,3.73656568
43.59682767,3.35097467
45.30676962,5.88797084
43.7041095,6.980718
44.6372,2.45182
44.6484,2.359555
46.49616667,4.750913
39.51318378,2.53809531
36.89828333,-5.39364267
37.013844,-6.579569
45.515383,5.9261
45.2106616,5.7748372
45.813815,6.24675733
45.813815,6.24675733
45.68102885,5.98364344
43.5707,3.92189
43.4748,3.73656
45.30680633,5.88798033
43.4749095,2.1429945
45.5529375,6.104609
45.6376,6.7437
47.92561867,7.01146933
45.5692,6.76308
45.28024229,5.84272739
45.39235,6.115055
46.84040905,12.00153351
44.44336667,6.371515
46.367788,6.08024333
45.265086,-1.164867
44.5789,-1.2206
44.5674,-1.231
44.5789,-1.2206
48.12321011,-4.28241967
45.546083,-1.097753
43.0488198,2.12860107
45.4341,-1.1527
45.265086,-1.164867
45.30680633,5.88798033
45.2161,-1.1726
45.265086,-1.164867
45.4341,-1.1527
48.79040091,7.64997506
45.265086,-1.164867
43.835236,4.19769733
45.31038367,5.89055533
45.31038367,5.89055533
45.31038367,5.89055533
45.30680633,5.88798033
45.5529375,6.104609
45.52948033,6.25279333
45.0386,5.7892
42.0211585,8.7547065
42.89960966,1.96620941
36.247578,-5.973365
42.82411343,1.98921204
44.743344,5.34969
44.603137,5.441232
44.603137,5.441232
45.68190933,6.32210267
45.31038367,5.89055533
45.7933,6.22032
45.79314015,6.21675995
45.1192,2.6694
45.3108047,5.8904437
44.1739195,5.2646735
44.5789,-1.2206
45.82215933,5.866298
45.30680633,5.88798033
45.28448898,5.8400997
44.1739195,5.2646735
44.1739195,5.2646735
44.1739195,5.2646735
43.875714,3.88670567
46.62681687,4.58044511
45.30680633,5.88798033
43.31526567,2.884576
45.30680633,5.88798033
45.1209,5.59261
42.90916593,3.07067871
48.125103,-4.271872
48.125103,-4.271872
45.56682767,5.731541
44.235814,5.511947
44.203679,5.5110205
44.2389,5.48333
44.235814,5.511947
44.203679,5.5110205
43.87684067,3.85770467
43.766,3.93909
45.3084,5.887925
45.6984,6.2723
45.5772785,6.62355
42.9009,1.9681
45.28448898,5.8400997
46.0200456,6.34634983
48.12738472,-4.27883597
46.30678933,6.517984
44.4020095,4.0755945
46.293318,6.4992485
45.796122,6.287373
40.4216335,-5.3009205
45.31038367,5.89055533
40.4216335,-5.3009205
46.58104652,8.40522766
45.3084,5.887925
40.4216335,-5.3009205
45.244747,5.574847
45.31038367,5.89055533
44.68089233,6.23149033
40.4216335,-5.3009205
40.4216335,-5.3009205
45.3084,5.887925
45.31038367,5.89055533
45.308797,5.8556545
45.31038367,5.89055533
45.38504125,6.03879925
44.694644,6.304489
45.5529375,6.104609
44.999147,6.127954
44.666925,6.7850085
42.6165305,8.90354
45.2797,5.57303
46.0536485,6.6976175
45.31038367,5.89055533
45.31038367,5.89055533
44.71208533,4.60240933
47.48024228,-2.493956
45.8242,5.86722
45.8073131,11.78503633
45.466962,2.99760367
48.750481,-3.549281
45.7728,2.9625
43.89969633,5.92099167
45.057081,2.745594
45.63093525,5.965899
45.31038367,5.89055533
45.31038367,5.89055533
45.31038367,5.89055533
46.293318,6.4992485
46.30678933,6.517984
48.760932,-3.57715
42.92190668,1.58184797
45.2797,5.57303
46.76365,0.04675
42.45893333,2.76754567
44.507812,3.477845
42.7796,1.93266
45.11847867,5.59716034
45.11847867,5.59716034
42.7715,1.91278
42.821257,1.987468
43.01189633,2.22578233
44.376949,3.51057233
47.3216,2.79495
45.466962,2.99760367
45.4081,6.3164
44.04993275,5.63503475
44.376949,3.51057233
45.52948033,6.25279333
44.18631467,5.068383
45.12710624,5.88608101
50.679936,1.56695467
44.11050975,3.10284225
46.2835954,7.4561787
50.41660267,2.51369633
44.2133,5.475
46.4734387,11.7739516
44.11024267,3.100937
44.5789,-1.2206
42.81756607,1.99333191
45.30680633,5.88798033
45.30680633,5.88798033
42.9765207,-0.59360504
46.9196735,4.669768
42.87797684,2.14954376
42.81655872,1.99264526
44.76710767,5.79283596
48.2078,-4.11775
42.82260256,1.98509216
44.9269,5.88778
45.345114,5.848206
45.5529375,6.104609
42.9916471,0.9039329
45.39370733,6.10668067
44.666925,6.7850085
44.073224,3.064127
46.7549,0.0381
45.958518,6.47653867
42.981306,-0.192475
42.9902784,-0.1964082
53.40139468,5.24292469
45.9356,6.855
45.958518,6.47653867
46.7549,0.0381
47.188428,-2.160192
43.5991,3.3581
44.68832013,6.78944349
43.6823,3.44665
45.85280833,6.22286733
42.533886,0.552447
45.30680633,5.88798033
46.87131867,17.50400633
44.1742,5.27013
44.1739195,5.2646735
42.9979,0.168342
45.31038367,5.89055533
-6.95871816,107.47133017
-8.02889,110.346
-7.06273387,107.91187763
43.978493,6.4798515
44.44336667,6.371515
44.2252905,5.4727765
45.406571,6.128528
49.37325367,-1.80533533
45.30664773,5.88626862
45.3084,5.887925
45.85280833,6.22286733
45.08974249,5.61907179
45.813815,6.24675733
45.32930033,5.63585233
45.3102,5.85215
45.3084,5.887925
42.1539485,0.254526
45.94328133,5.51179933
48.2201,-4.2371
50.9412055,1.7378345
36.895171,-5.415948
42.6165305,8.90354
50.9412055,1.7378345
45.3084,5.887925
45.01006659,5.85182037
44.113839,6.214781
45.30680633,5.88798033
45.51332992,5.92655696
37.005433,-5.5469715
28.14148596,-16.68304125
28.144854,-16.7359445
28.1256085,-16.692203
28.249,-16.8179
28.1444,-16.7221
45.813815,6.24675733
46.01812455,6.94024468
36.89828333,-5.39364267
45.515383,5.9261
46.15862233,5.573583
50.9412055,1.7378345
45.16086554,5.92698455
28.5105915,-16.187828
36.247578,-5.973365
36.2843165,-6.1016765
49.3985,3.31047
44.3136805,4.1450665
45.30680633,5.88798033
48.57625,-2.775589
42.7906,1.90148
42.7714,1.9169
45.746786,6.50422533
45.74698067,6.50719567
45.01710825,1.07079325
3.63587,-76.1773
45.515383,5.9261
45.30680633,5.88798033
3.63587,-76.1773
3.63587,-76.1773
3.63587,-76.1773
48.2528,6.9306
45.4442,6.3583
43.5902,2.98004
45.40717309,6.6030407
43.6498,3.23003
48.3482,-0.0825
49.557111,5.06051433
45.70318226,5.88609695
-34.006,22.7939
-34.003,22.6457
45.5529375,6.104609
43.4991,3.7523
45.68323067,5.97504367
46.0200456,6.34634983
45.91354129,6.3465786
44.901,6.584775
4.47626,-76.1535
44.1136,6.19866
45.3084,5.887925
4.40668,-76.2034
43.978493,6.4798515
44.901,6.584775
45.3084,5.887925
44.905189,6.581175
45.28448898,5.8400997
42.045514,0.747997
42.7714,1.9169
45.2458,6.73556
45.2458,6.73556
43.875714,3.88670567
45.2967015,6.5086735
44.63641404,6.22426987
43.875714,3.88670567
45.85280833,6.22286733
44.8511,6.48306
45.813815,6.24675733
44.54782107,6.26664223
45.82215933,5.866298
43.35424875,6.120174
43.8136805,6.8112405
48.2528,6.9306
43.7256875,6.947347
44.5819555,6.2806695
44.725547,5.486444
44.8321485,5.412723
43.0552375,5.858832
43.0552375,5.858832
46.15862233,5.573583
48.9294,-0.47
45.3084,5.887925
43.70415,6.9802
45.30680633,5.88798033
45.25622414,6.02833819
45.30680633,5.88798033
44.99695,6.147715
6.3306933,-75.599015
43.8121,3.84927
49.5571,5.060395
45.82215933,5.866298
45.8242,5.86722
45.78599073,4.985497
45.31948366,7.00440058
45.31038367,5.89055533
37.7523125,-3.6461615
45.31038367,5.89055533
43.4748,3.73656
45.1209,5.59261
43.5707,3.92189
45.6580895,6.203635
45.5934,6.11338
44.1102,3.10085
45.813815,6.24675733
45.85280833,6.22286733
37.7523125,-3.6461615
45.946058,6.686943
45.385005,6.038837
43.8757,3.8867
44.04125,5.40335
45.9221655,8.673963
45.3084,5.887925
47.89846167,6.918897
48.26765499,6.99279785
47.362629,7.20674
45.30680633,5.88798033
45.3096617,5.88446617
43.5707,3.9218
45.30995082,5.8913219
45.30775556,5.88798523
44.44325,6.371495
46.49615,4.75095
44.67207109,6.24984741
45.9499,6.70187
44.681,6.23141
45.28448898,5.8400997
45.30680633,5.88798033
45.514939,6.215486
43.03096832,-0.45036351
47.2044,5.9775
45.8242,5.86722
38.49265681,48.6315427
44.632458,6.210572
46.1152,6.72074033
44.6332,6.2153
44.44325,6.371495
46.1042,4.62351
46.38287408,6.09015942
45.28448898,5.8400997
42.96642033,0.93044367
46.2933,6.4993
45.6376,6.7437
44.132,4.285525
44.12195,4.27865
43.9786,6.4799
44.681,6.23141
45.3084,5.887925
43.9786,6.4799
46.9714,5.89056
46.9701,5.87605
47.21910789,-1.55817739
45.813815,6.24675733
42.758105,1.473241
42.803548,1.685915
46.3801,6.7246
48.12345,-4.28265
45.6307,5.966205
42.81985,2.005615
45.31038367,5.89055533
44.40295,6.37103
46.0536,6.69763
48.27196667,6.9315
48.12345,-4.28265
42.9583,0.8917
48.3658,-4.76667
42.9583,0.8917
44.5674,-1.231
44.5789,-1.2206
46.184722,6.916447
44.5674,-1.231
44.5789,-1.2206
44.5674,-1.231
45.6628,5.821395
44.5674,-1.231
45.30680633,5.88798033
45.62675,5.946205
